{
	"class_name" : "PinholeCameraParameters",
	"extrinsic" : 
	[
		0.032397101195560968,
		-0.59443235470258482,
		0.80349275262248943,
		0.0,
		-0.99946463259150797,
		-0.022942837558628304,
		0.023325402536297064,
		0.0,
		0.0045690297489161848,
		-0.80381826421617142,
		-0.59485739642342417,
		0.0,
		5.0993870557399816,
		33.375020935923139,
		36.351112220945389,
		1.0
	],
	"intrinsic" : 
	{
		"height" : 1056,
		"intrinsic_matrix" : 
		[
			914.52282639636724,
			0.0,
			0.0,
			0.0,
			914.52282639636724,
			0.0,
			927.0,
			527.5,
			1.0
		],
		"width" : 1855
	},
	"version_major" : 1,
	"version_minor" : 0
}